group_id,a_0,a_1,a_2,b_0,b_1,c_0,c_1,c_2,c_3,d_0,d_1
1,1.1447192135830058,0.1975492518509769,0.3349302367992991,2.961005452,0.051380365,1.343358571696607,0.9084609897790534,-0.963218647,1.828597613120998,0.4413012994681693,0.3060659020570142
2,2.4411186162493115,0.5593132863767502,-0.322571231,1.8625672972423457,0.9693394790490164,2.8747761329942376,0.5647606036955175,-0.670370369,0.2634575469091238,1.1711758919823545,1.2711413194277803
3,1.1049428257926135,0.7724388828592399,-0.303074296,2.8785745259045807,0.989638587931902,2.423445611492097,1.9717155976877327,0.1390795591342073,0.5190835663521807,0.8243950627987451,0.3742437415151438
4,2.4319285491626976,0.265853327434654,0.1773931298888728,1.914453887102491,0.8582894344233747,1.774645035950628,0.5992477832516607,-0.961689029,1.6537171219455062,0.9296827651937184,1.100976207339797
6,2.0242047706894435,0.740568918,-0.343637858,2.3794954089673324,0.1365372325375367,1.5493317395758108,1.2116523712207612,-0.332446806,1.1586268055769218,1.366800732977599,0.277219937648808
7,2.780518928122955,0.2465438795688691,-0.460582415,2.3532717708769058,0.6552205226983066,2.9357291319027103,1.834754591132466,0.2010695364128296,1.0601046784247616,0.3334092615151035,-1.013374213
8,0.6660133836512434,0.7925446598294275,-0.460708055,2.137267807869648,-0.114528145,2.8978324363774304,0.8689996104601927,0.064173648,0.964712417165506,1.1434397328601216,-1.727959072
9,1.812852129424074,0.242095491433838,-0.048130955,2.4923687600391147,0.1808522062157826,1.1938346541339897,1.3220322458437026,0.4054765985791737,1.5854068115615028,1.0549410943611202,-1.389367342
11,2.7351365130097163,0.7554399273787595,0.3073709397924894,2.088983705020468,-0.392558093,2.9658898432404426,0.9112042507879076,-0.594686156,0.8843082275731655,0.3682086848548661,1.9139778586871632
12,1.1429428400610682,0.4948594451820376,0.033030561,0.8447470543258349,0.1824858115012282,1.629571247433916,0.5785231502144037,0.8973123154131297,1.2829807381285756,1.3523027182450165,0.7042240200530125
13,1.710857255680312,0.1635867267429899,-0.371062695,1.0990245800705132,0.7190554104949796,2.849225064665944,1.7393865939981037,-0.331845565,0.5448928822176633,0.958986829,0.8874126421324493
14,2.8331466689521347,0.2369889775121277,0.264563718,0.5587560570458101,-0.249005517,1.221497015661018,1.028713162393549,-0.652926161,0.7466099802457749,0.8010273673290365,-0.797635509
16,2.986262760551397,0.1084064141589849,0.0409198132872986,1.9341664938725245,0.8284175793616237,2.012010669533875,1.3155521294673762,-0.056694397,0.5378086091229628,0.3672349598986963,-0.365369271
17,2.327689704336372,0.4242607461863202,-0.17606088,2.021826206462121,0.7524465862632819,2.767554916417173,0.6627475176056576,-0.143299432,0.9294439123974988,1.4731384410285038,0.7119920609703381
18,1.5233574095723617,0.5631037184018409,0.1337097434231109,1.4566028876639288,0.2265727876662595,2.627496591135096,0.5394271585064105,-0.098757904,1.517110456933582,0.9553733645560528,0.6059043517162799
19,0.7682966511850376,0.1977468794609386,0.0125839669342331,1.3029481474186602,-0.153654321,2.964979663588124,0.7350565216939222,0.081624142,0.1977423101073019,0.6821955759166543,0.1101036946983944
21,2.3302995010265755,0.6193093395678692,0.4965567392347492,2.5063163371582897,0.6583028063103065,2.902811031420317,0.7267009997733408,-0.004545247,1.1611340471815752,0.6951308750669491,1.3576133755780222
22,1.7187901120868692,0.2025295320548218,0.3677089477828771,1.210374112,0.5660170798763202,2.341988964056632,1.3970687337005352,-0.615714303,0.4414070411018114,0.3568180856958831,-1.037150281
23,2.483640161789382,0.2485249185762355,0.2384251012428833,2.8709610656815414,-0.972512331,1.880727862357596,1.471656482621007,0.403551540975106,0.3521755165384044,1.4666199302863114,0.4610614718838919
24,1.9648430742187668,0.247082380362651,-0.21590994,2.801116559739464,-0.14571215,2.173970966013579,1.1898982949380832,-0.243123824,0.4465582538648038,1.1234298005815224,0.8729681050884817
26,0.5421679543371467,0.6072912690409239,0.1440946934361856,0.9451635958118304,0.5822899310841438,1.5983910122634508,0.7024933539959528,-0.15487467,0.1819396968537121,0.6158923875278959,-0.514666566
27,1.2598797666542705,0.3670643865325241,-0.324159295,2.3072854555034628,0.4154433200434506,1.4013000309553525,0.7377339847734179,-0.845990134,1.8239514873635168,0.5796838004338214,-0.623345893
28,2.1385178080364664,0.2912141392561589,-0.449023237,1.433196528931799,0.7112592323181515,1.996703021703768,1.9471756366181148,0.007243062,0.5517976338436956,0.5319767966942575,0.7780979871423055
29,1.5500867666582052,0.7430014359192267,-0.14025913,2.842459287089906,-0.081141363,2.9287057932803315,1.6060322150372917,0.6586691832643119,0.209753777,1.0033697198908411,-1.429198561
31,2.6036200639576506,0.5691362260938558,0.1415363642455536,2.8725738551120186,-0.232625197,2.6655666283769763,1.882255590638441,-0.016921511,1.4582051572066006,0.7524238280050872,-1.364483943
32,0.783435204,0.7933954124241864,0.1061677013350955,1.407984481530825,-0.501814291,2.145793723366829,1.8225674707498565,0.0411307922827295,1.3229441112099205,0.7292357274486723,-0.447390848
33,1.2198734240815927,0.3836724295344744,0.069517718,1.797919222211405,-0.921621214,1.1973441961708269,0.650699869,-0.475464189,0.4917282256048985,1.1906668605441597,0.2909775440645781
34,2.2188918526720074,0.1268215962289315,-0.208280676,2.773343934477018,-0.15235989,2.9212873581630943,0.8202547589674636,0.9948479469621788,1.3951618179190646,1.2316721088797853,-0.412555311
36,1.8931849918357964,0.4685537277675026,-0.064361612,0.6451782392921513,0.7648026689196985,1.6339884528860595,1.4636905017024415,0.2148671179400707,1.1689736507690536,0.9308546424139008,-1.274240666
37,1.4179475831613912,0.1277602772690484,0.4084443527574094,0.9012477971352032,0.3946366787748649,2.7464088795453687,0.9652120970219528,0.6608304817098529,0.6641162525428883,1.2531095138834996,-1.720680548
38,2.3939792520998404,0.3169026205658781,0.2187089930641832,0.9882493398096864,-0.183708377,2.612183714311864,1.4178937428728424,0.6508250119052299,0.5094071647001026,1.199698598912754,-1.190702554
39,1.6622025009286454,0.1707995872816574,0.3463074827157792,1.869086955261536,0.2049391438947709,2.874982539389471,1.3387272274088828,-0.988832939,1.7412316820062053,0.6417012963881519,0.007067683
41,2.974007246442504,0.1179140550746522,0.3314983510982321,2.479907620636369,-0.734294976,1.6706112701668134,1.827194304566259,0.0369085901445085,0.802562975,1.386595719,-1.626621902
42,1.7829416714848894,0.736553606,-0.149964029,1.339682156,0.6395136826253975,1.6375130458335398,0.6169375162105883,-0.638110092,1.897600501592602,1.4199513510932655,-1.100751637
43,2.0197727907729397,0.6335386738453163,-0.051264706,1.4281878510112207,0.6462678149643701,2.7306210483469258,0.7067100046804007,0.085320374,1.3672848609723187,0.4003184839583601,1.7183872669710063
44,2.5180782292008823,0.4542442746055686,-0.121599439,2.6953867889015117,-0.263496736,2.718000565886741,1.2562980476938377,-0.583985805,1.2256363762221676,0.6423882315239535,-1.411379471
46,1.666775756963065,0.582642945,0.4142907088675163,1.0012858769218775,0.6423601407367963,2.8985314310970707,1.0604145222769432,-0.772674599,1.6438223415657836,1.1413149713258866,-1.149151181
47,0.9346992060236567,0.5993791927360937,0.2119304623167335,1.826934402403584,0.002831335,1.3600768913777237,1.1439291845064574,0.742795042,1.7094546121903018,1.0931026821697185,1.9894267118789328
48,2.1143734007763286,0.2861818462394567,0.4432786045140967,2.965824948331639,0.051978029,2.122761596340694,1.3314769451354354,-0.028425184,1.890374107355651,0.5937029387728947,-1.568167295
49,2.190117876481687,0.2380640706822068,0.1787627158785892,2.9423533757403746,0.6627065743923064,1.3200210807258477,1.2807476322548803,-0.155356873,1.9833388264667944,1.4572808420886991,-1.491551789
51,1.5145837590795077,0.3497787729277817,0.1586518558565275,0.6889761519733424,-0.412316208,1.7324255970703677,1.277885426046128,-0.046861561,0.4173608455492537,0.948945449,1.7034747635470788
52,1.812263066943167,0.5144981797855043,0.3210510229384735,1.4858808186400387,0.3530062264528633,2.669533947528281,1.7656601839370436,-0.49150959,0.7003460885002462,1.0138872411146571,1.5430895649877847
53,1.1972969896116346,0.4085865236466692,0.3095901107066984,2.572477768259651,-0.673244368,2.105709828308617,1.124041584445142,0.1418714512763266,1.2952467740340532,0.6355343912626271,1.676969527766366
54,2.3878391517221926,0.3163029738326662,-0.175492021,1.5252053969316677,-0.063221281,1.2472324836268551,0.5262374870290893,0.8383143857101083,0.7063772640459862,0.4220263218618448,1.0366856085601754
56,1.4380788710066192,0.4757369937850415,0.3534723979411366,2.9318682199031887,0.5062642982360062,2.533716630440796,1.2934041346090883,-0.805200112,1.3341190926434556,0.4773358461389665,-1.017355774
57,1.8433792260548607,0.1872605780597522,-0.131376974,0.7185813060355263,0.9176824545498614,2.502526659152048,1.4311221814771429,-0.590287133,0.6682548743549488,0.4733818822960318,0.1444785078440174
58,0.8368235431478978,0.1764678776902549,-0.148892764,2.716331482396584,0.3908803373184204,1.7894371651024696,0.7358763851778083,0.4269530254452889,1.1982944389766252,1.485219493282957,1.0622378472581795
59,0.6478787629363418,0.3706903582914723,0.064905181,1.2142740529410243,0.3784140089824197,1.1478319578745655,1.686064206625216,0.4361720393979944,0.4278895743483155,0.6581450863273655,1.2280081793541622
61,2.873102619990965,0.7468383376066651,-0.199406713,0.5069177502739703,0.033995262,2.5944798437456003,0.9029074729201704,-0.121911948,0.3455784091334568,0.6928743234195065,1.0354120114675616
62,2.711983588035901,0.7483487052187952,0.1572986033042895,2.5743807441133044,-0.351863612,1.57191893977397,0.5736794706742583,0.006405246,0.9116640250390204,0.7462985888240887,-1.546663603
63,2.7739581799195188,0.1061496643498295,-0.065395004,0.5536976240989923,0.046715692,1.8243123075027288,1.434592905673307,0.5328882361356424,1.5371504581573705,1.166665920409715,-1.592490233
64,2.5989719906210325,0.7885606366538951,-0.116942408,0.8452741470075107,0.1338590401218566,2.8879860762898524,1.498417604327767,0.2043190786662296,0.6185839536840214,1.0276077838008202,1.5387119898767678
66,2.755043689906494,0.6247081186566782,0.2436551538926041,1.9679733531024688,-0.056715976,2.9451753136197776,1.4676687981759338,0.6807130044507241,1.010818057087153,0.9658294295330648,0.6515560944486354
67,1.4089112857269075,0.6360129186547301,0.3392064699539362,0.8718294044080437,-0.664189857,1.8424351962866556,0.9802834416523076,0.639147211,1.993622406229986,0.5173324457213546,1.0501766033592117
68,2.239165863915173,0.182302377,0.434518194,0.882219956,0.5165108871947868,1.2970873586061795,1.997870413699187,-0.335624984,0.9918586441228134,0.860205008,-1.59241118
69,0.5078990992379382,0.1108745955636907,-0.041412688,2.134234278765493,0.5881684139221086,1.8945339603684608,1.9102509785980657,0.6299705228385113,0.2055112583743394,0.8282139966498134,1.9795129002731653
71,0.6598127721172418,0.6171119625469067,-0.442250174,1.7152328311200726,0.7234150191953133,1.2347594000560669,1.5599418687081026,-0.907344149,1.986119236958768,1.118503656386579,1.8759584755469465
72,2.3907555013006423,0.5880836004992371,-0.067814115,2.472301023359637,0.4275157916270429,1.7690718345564986,1.8432700696567157,-0.716080957,0.716964243,1.1373716054893603,1.4919098035992606
73,0.7036290151513329,0.2353778749759141,-0.017170447,1.090068465262157,-0.131995843,1.058605106070689,1.4413266465418226,0.756323198,0.09517988,0.5616477196785872,-0.728918364
74,2.8129129272196143,0.636357807,0.070657241,2.6995557972836948,0.2034247269555429,2.9470093352042133,1.7874357174426536,0.1008904613910117,1.845672419230299,0.710926744,0.8037080854283949
76,2.6891372911888767,0.3557747996904786,0.1274365066559732,2.242416702,0.1806531070803672,2.806005284294205,1.482168142726909,-0.151141844,1.6911742022884122,0.8874815971752141,0.1206530956174991
77,2.720931328277492,0.2471798770286651,0.064806681,0.7626487656375603,-0.629620107,2.171000123191198,1.451963242220425,-0.460496962,0.2381946298641848,0.9594671144051148,1.3625513578332242
78,0.5021813945314758,0.2948712294248254,-0.318366178,0.6913655616234372,-0.032209403,2.2620310296644046,0.5695645304851304,-0.724217642,1.8645823575228708,0.5677354118017273,1.0399509862160303
79,2.7946890491641034,0.1151795755799853,-0.223724393,1.208965810193276,-0.390094794,1.0494099382263542,1.7384094999957025,-0.982181095,0.9554079079857942,0.3676308276473833,1.1945761185161494
81,2.6714489269957147,0.2877964492536022,0.3797424540950006,2.8114278038610507,-0.780726669,2.147492328790463,1.154695521297301,-0.196030594,1.4096587886092506,0.4554820322381836,1.279783236157043
82,0.7091393820332752,0.1232142284287211,-0.352850149,2.752566754018119,0.3452770703747518,2.8420518220304487,1.4970722047507508,0.930474481446144,0.8778133409299158,1.018918725873414,0.4047418048216378
83,1.1510024208969845,0.1517559151880123,-0.421437303,2.655803419796161,-0.53854097,1.2173763630476275,1.0288819908070268,0.4270882119164281,0.6792621112658688,0.6711360805917265,-0.047737082
84,1.6044872153603875,0.3307970985819362,0.4483120536356209,0.7073338934010551,0.6497572946836343,1.7098542751751575,0.7989705778393734,-0.454882197,1.8037876337676813,1.2898783448079951,-1.936969425
86,0.5553755399697581,0.1955161906355222,-0.32932132,0.6572034938120102,0.2629665681819093,1.459199721406296,1.3650047518405588,0.5652244071848656,0.817056987,1.2226203291960955,1.1114742025744937
87,1.1414980052639294,0.6951853413553183,0.1853990887200294,1.5097389477225267,-0.002878158,1.695716137718471,1.3268134829382408,-0.722608367,1.7768841988902688,0.9648576342915244,-0.458924243
88,0.7234173834073852,0.5136944658789254,-0.046742099,2.397330609956013,-0.452116954,1.1326124621055462,1.8418547639831584,-0.863846214,1.854560735533226,0.8969925515373749,-1.774865295
89,1.8952123379998005,0.3396028504458663,-0.263818625,1.7972425158316758,0.3835010834975809,2.7540148985978425,1.3979579456202256,-0.169413427,1.2642682311935556,0.8963513437112145,0.607970356
91,2.4097634191584887,0.3221558654512005,0.3768947891044324,1.8723059891922784,-0.381678203,1.076397384,0.5198124260707664,-0.293267127,0.4314008722356166,0.3632147802736741,0.2113850882136887
92,0.9458718968656116,0.102657066875973,-0.164967761,0.8136402327004426,0.5101911455137689,2.938211701111318,0.625584166,-0.206131092,1.8049390075420304,1.1739492424570384,1.4791220456404313
93,0.5417865908747042,0.617569534,0.3939850667698472,0.9651112732081336,-0.931159987,1.4882078837207284,1.825502343,-0.967633497,0.2023131615073843,0.3299861474762968,1.772600202257173
94,2.795793055802176,0.3598688783842216,-0.203566557,2.0227958721309416,0.053395564,1.8018495571778383,1.8835288021121857,-0.274035695,1.996747402,1.2469532799921277,1.6133136353918642
96,2.706005040578031,0.3221433007625567,0.037556052,1.3225886049044673,-0.149437352,2.0444618708381714,1.6213060518029103,-0.758486842,0.7044539255218631,1.0675644730026488,0.3552001678302225
97,0.9598805985923288,0.2689402271089907,0.1545118121902344,2.1991382360234724,-0.854476949,2.3017927843460173,0.5518951332321139,0.8099736101100161,1.5573298699991585,1.1692697255989335,-1.043163712
98,2.6928978940517148,0.735020708,-0.121627678,1.0790768058778226,-0.616677898,2.763906191388879,0.8468337837807409,0.061678094,0.6634785661572598,0.8987225259717808,-0.616931927
99,2.1977521660613792,0.3259420858002957,-0.23993617,2.2948916382908324,-0.297405243,1.497758935,1.3443627018250135,0.2407718970409904,1.5536050361862102,0.3491158245669621,-1.302045004
101,2.2439382226737563,0.4962742865715096,-0.391145597,1.5914668185030665,0.3477569979985597,2.796807805683964,0.827688992,-0.289635409,0.7212156754354584,0.9292358089670611,1.452021062
102,2.4579187123971327,0.5816368401147981,0.2321000431805736,0.7846166742351741,-0.382444283,1.454322679793238,0.6888823618663948,0.2784685518955339,1.3902632963043036,0.4697768047980186,1.074033770544395
103,2.7630307715334834,0.1573570291041078,-0.272015432,2.9201730906836416,0.7605185075027938,1.4376523305406836,1.6646975947542135,-0.827414688,0.315708813112824,0.5187343223382839,-1.827259652
104,2.4818634051359973,0.2916676167394022,-0.198658987,1.3919740913145229,0.5316167621090062,1.5239810415871788,0.6322273318120997,-0.381656784,1.9320663346376643,0.8214449703312523,0.2399138617562806
106,2.8523217299570867,0.7776937173848353,0.4634897125061197,1.1739686192445924,0.7032448768362198,2.917327830084787,1.5594790269167995,0.4318448547553422,1.768397983926813,0.6450580255044793,-1.232538154
107,1.343385867470452,0.796824627,-0.1533511,1.1614004459892506,0.8135782676859673,1.314759691415578,1.87729622715648,0.1370387222822271,0.4463550291150548,0.6023926054818933,0.8438249341068511
108,0.899594661,0.4565656285151406,0.074096556,1.365724433332605,0.7992674931908039,2.394457393,1.4919820646960906,-0.893311377,1.003259359432259,1.3209449262224937,0.6732035630697157
109,1.5423504185990802,0.5352376798780666,0.3817242737249168,2.4946378648747123,0.2146893093455708,1.4569419116072586,0.8250490448077334,0.6277745260233669,1.3288442027557916,0.7296726242400275,1.885924990881795
111,2.1476995837756103,0.3483103666505855,-0.495692007,2.851918090533255,0.4211692697553286,2.9160599070198137,1.7750577517506896,-0.252120979,0.7572257378367577,0.4730552305115582,1.2291896167379304
112,2.667740566424799,0.1853429606826755,-0.155488924,2.253235446043919,0.4462213808006927,1.7128169472102055,1.9447638686746955,-0.295065066,1.2270261694984348,1.0384445148973394,1.2017310259512928
113,1.2343547636862315,0.5968777103449242,-0.292662346,2.418626948776635,-0.485354596,1.8128684893985063,0.9133447457632804,0.6432046188339626,0.7882794016150234,1.474238984540048,0.403007881
114,0.6969609943412374,0.6076681096097574,-0.021801345,2.275114499,-0.682742696,1.9296607176256568,1.0178319725150566,-0.057269686,1.1159226417977448,1.1215510926055507,1.467151411767587
116,0.7079357620907227,0.2870670227123895,0.4794666853698698,2.7623495790857966,0.2426240586467998,2.425634956132776,0.856403027,-0.71196119,1.1019611812928916,1.3776303021447778,1.3293688495475235
117,0.8632433222217452,0.4244045921138613,0.4284687238452769,2.8455787342064776,-0.039074474,1.5248042731454785,1.9890107975579656,-0.560079136,1.681874299504891,0.6536129188394815,1.6396455466021869
118,2.901305886034049,0.4191638236698327,0.350277958,2.599995986670684,0.1251803641404365,2.001851571866805,0.9429773081111306,0.1217497454390539,1.1492788600661614,0.5883395062981085,1.218991219015293
119,1.6546411785338306,0.6816390069651844,0.2138495566526838,0.9315426522247906,0.8507079774454425,1.8933534220034125,0.833556925,0.8782492370120552,0.8813493076534722,0.5084812651415682,1.2932943684996996
121,1.9454808381416335,0.3503111749231601,0.089654661,1.7998079142617618,-0.293578342,2.569553854085638,0.5643053088088181,-0.460877697,0.9909040556707552,1.395325141880526,-1.711708354
122,2.5395765708713345,0.2482070071626833,-0.191295066,1.7436874201330548,0.497879355881752,1.315246954164718,1.8550202136800096,-0.964356549,0.052796376,0.8387519870962665,1.314794816443282
123,1.3525055704765312,0.2989241493729244,0.4214759735031341,2.545424205596011,0.6127814972351531,1.049774944338215,1.2617756496147614,-0.80557344,1.7313799659206923,0.8425583066109787,-1.611312542
124,2.8191757454073363,0.1808539104101418,0.4240592212458475,1.6294523873914897,-0.028646253,2.0801161776693498,0.640612937,0.3297217567112829,1.3083247133415037,0.9933130910592722,1.551132043859678
126,1.8997290542724277,0.521095575,-0.209323544,1.3272933776335825,0.7496916481238243,1.2236286055328198,1.951993906182797,-0.572356095,0.483532107938712,0.7692785396771562,1.792188451760922
127,0.5872340854478576,0.4184175584298631,-0.226947671,2.3155273127055165,-0.984701565,1.273916628275192,1.0307868074442192,-0.20654861,0.9756018325510568,0.7238673771330975,-0.40524055
128,1.7222493726804553,0.1566204918874054,0.1990613365085418,1.1371414478366797,-0.931369572,1.0221129582572026,1.3094987181329725,0.8567232393808455,1.695530278042512,0.4219848551178518,-0.726962869
129,1.121410471319265,0.5343994554235979,-0.130829232,1.890118063612726,0.3390618211851357,1.5020947930297277,1.037587543870696,0.1061508535551101,0.4629880518817701,1.4280426992787592,0.8946612576090516
131,2.1481764284977323,0.5799229139255775,-0.179918983,2.1484702701883083,0.7603558046004522,1.6954855548482226,1.5795725403508574,0.6910883220620547,0.8754413169747874,0.4847251980557144,-1.842996673
132,2.0391099427363355,0.5202388293204144,0.068830981,2.513069982354177,-0.909092351,1.9142350011111835,0.5803687477267725,0.5915750559132837,0.4660505482669266,0.7387063592852847,-0.688157623
133,2.9461694638068305,0.6990510075817888,-0.456795409,2.6439653514371457,-0.271163397,1.6654782714563725,0.6431072063998309,0.8124978835274399,1.754586690357438,1.4217496089356163,1.0841296847644522
134,2.2457929760473188,0.3842676057611032,0.054621091,2.990730515277649,-0.48385154,2.524433296944092,1.488399522756674,0.8944769937480508,0.2007503127214667,0.6218013388204262,1.064571209599554
136,2.675362403667773,0.4660167312724789,0.3691897357952178,2.3870309366745985,-0.974757188,2.9460773480219267,0.6098367306173682,-0.930013587,0.6202295515899072,0.8090771317408845,-1.106812868
137,2.610832249776328,0.5310148130564247,-0.03910862,2.812628535,-0.250560085,2.931423820917149,0.6083781588573959,-0.921333211,0.1636379858892049,0.4020270021625063,-1.071657673
138,1.0135571454912669,0.3958269450749329,-0.224659477,0.5406960604273452,-0.976394566,1.3906561020419128,1.4692287319539383,0.050397354,0.6372847966983683,0.8327638969331306,0.7030385895688962
139,2.403867362619261,0.1260873013542344,-0.417512267,2.096861519708148,-0.131397682,2.366118203478945,0.8850723641053685,-0.837872309,1.658789475372099,1.239197973101651,-0.149657193
141,1.9795547916562024,0.2486946061176979,0.1928742322942515,1.839425148464487,-0.329681682,2.5468366143197496,1.404906667346968,0.7959140485791927,1.0394593339355789,0.6800558446831806,-1.977962482
142,0.6403780113874031,0.5382969157109982,-0.466235255,2.0961670958681515,0.6286211999818854,2.1529202591869425,0.9995207283577968,0.007000581,0.7181624744810706,0.433011130870202,-0.730847805
143,0.7049391672081411,0.5207915419335409,0.1954421165306459,2.113603628022388,0.2102567969855682,2.2423513793369434,1.2694163869250277,-0.571888073,1.2111870767889046,1.3651575867913752,-1.931765792
144,1.4207741200724575,0.7932834962067407,-0.277665372,2.3720147337477986,-0.817912467,1.5424758575229771,1.5480330965773732,-0.386833151,0.614169741,0.5476972563877216,-1.66186705
146,2.744652945147379,0.3094094382190379,0.2071345679786933,2.3683482680380976,-0.756814784,1.968894421168188,1.4840039116617492,-0.419057167,1.277779941191522,0.3626557721886134,0.3621092454099832
147,1.3370124753022388,0.6794457021374153,-0.319852142,1.4975259537251238,0.1465097819361209,1.2670071189391836,1.4191720656996236,-0.252388693,0.4284443504116944,0.3684904987243779,0.2531648170256892
148,2.8523378391362395,0.7436654377783263,0.1417256646499922,2.434556478971301,-0.602557926,2.029724725,1.0110190922251507,0.6471219452135377,1.7801789587380794,0.7815490931348019,-0.084752337
149,2.696518649832912,0.6023857227317576,0.2154257390262366,1.7486909312088854,0.1596636506864752,2.5091296174185738,0.5061195317577795,-0.173356547,0.5987901446457784,0.606680333,1.3161571370439955
151,0.7680915365973615,0.6350433229247924,-0.217576194,2.9086611345789506,0.4776831969072426,1.7063533956264612,1.0145034291291453,-0.717433157,1.431872134396961,0.893136309,1.2922666155830749
152,0.6293863432850808,0.1513036566023739,0.4748196790942693,2.668984259443219,0.7641157985704219,1.1935669179836288,0.6847260726498672,0.9744232406305288,1.9830204945520795,0.8608674923826327,0.9233734277525278
153,1.054818957051337,0.1476662804374384,-0.113182703,0.6290516434752895,-0.03466172,2.788593061360352,1.3055961911806957,0.3116907258697452,1.759695057519651,0.4613013276781512,0.2046222851008452
154,1.670842732265695,0.4768819199333263,0.4319901729102718,2.801310101330832,0.8351128441410316,1.1968369190795634,1.0756387564022931,0.3279274620290937,0.2761071691548766,1.4283964429860143,0.3041239076785293
156,1.967612998153472,0.4382278579460404,-0.031923054,1.2215216135692453,-0.775467997,2.900190962822416,1.854288908763993,0.8602342644946841,1.0938913130758072,0.6133861004428419,-0.680984108
157,2.440066941423418,0.2801017700494315,0.3593315414050912,1.217475059823629,0.2374978721769578,2.733248145416942,1.7712567155382102,0.6700948382111573,1.6434175540694298,1.1249765281809627,0.8787684692728774
158,2.9651479881605827,0.4277486506994942,0.001765329,2.491002709435607,-0.071550663,2.0114093503294264,1.733469125905227,-0.573212103,0.3878267002985329,0.6659590395575736,0.1710216077934654
159,1.5881488877361902,0.2273758200570368,-0.124690724,2.821934265164144,-0.274226602,1.4135657683804923,0.8965457688294831,0.006385595,0.9504373326909724,0.4146462504768702,-1.561461448
161,1.4912807099775824,0.3658916197898144,0.4595324064386321,0.860944221,0.6866406543128087,2.711016697470128,1.4880367788380164,-0.47137629,1.2415700701222754,0.3831414939415765,1.7314944364954203
162,0.7338173502747154,0.4836527793729948,-0.390848602,2.227638442447392,0.3044312007579683,1.1329982266554992,1.199878542314496,0.4223084280577098,1.6013745738264649,0.3437094053702864,-0.130547691
163,0.5205424341299404,0.5280785215701614,0.0553515750626828,2.1395617677325327,0.046254587,2.18892208,1.3882219883350035,0.6579836161655896,1.3220715149047757,0.6304421606828212,-1.804670843
164,2.563949636,0.1377115041198157,0.1883680821787779,0.9657028733402908,-0.428184474,1.7967069664811302,1.2924046413482602,0.5139640923179463,0.4323928164858808,0.99187033,-0.931112786
166,2.978022546,0.7154432027271271,-0.278625261,0.7139263149869813,0.6227660849435619,2.379095275628231,1.4625511401209843,0.065145666,1.4670239270070178,0.9187815660438634,0.066198459
167,1.2081554905384089,0.2012149158783475,0.1302601594052258,2.000800350610884,0.9538532496124736,2.431558926704238,1.2879523157684851,-0.306635537,1.428230029158921,0.6822894930463266,-0.919430121
168,1.4668461695279975,0.6354381902977331,-0.406776566,1.195952541682381,-0.314251615,1.5022235184676904,0.8205473246507646,0.9976903989658384,1.632355614971886,0.5616982518700335,1.5836184760222554
169,2.923647648644101,0.6152260418616575,-0.102000265,2.366291751,-0.633299495,2.974794406738909,1.554672872884851,0.3522423463080861,0.8114462715764172,1.2415066632842862,1.201596604271256
171,1.4864417223781,0.1735615536298065,-0.335944862,2.280656700601001,0.933846083852336,2.333886746158836,1.511110268983178,0.6069059798552328,1.5734222639456907,1.146756999891585,1.259920963270082
172,1.1835461672155625,0.3871208050756402,-0.481469075,0.8999945517767728,-0.270850846,2.453265953200365,1.447057273734269,0.987103737502396,0.685809895,1.3274217090952185,-0.616928977
173,0.913916733645316,0.2271817558900024,0.2043346870993118,2.2472022178334896,-0.996696677,1.698833778094028,1.5858873968641398,-0.721509401,1.4933042919160724,0.7404067650067027,1.7595056007960013
174,0.9357055248163746,0.1288813841382617,0.4426537452986806,2.3407436046208465,-0.409477991,1.3268482076273973,1.3666680625861582,0.7664715181391197,0.3769161951069772,0.4239126265653726,-1.83478099
176,0.7699941534600453,0.482968971,-0.4693072,1.4931413095749368,-0.607460507,1.424284595417437,1.226697778622232,0.073051953,0.8270835366752238,0.4609762223262788,-0.118221393
177,1.6992597325126673,0.6559893283777085,0.2693068196078362,1.8708807245056664,-0.720053776,2.293750326967448,1.826987061114388,-0.058534562,0.3443474574487857,0.629484513,0.509326226
178,1.742190724427714,0.1626904294835657,0.2724094532033571,1.790267001895131,0.5452853740568164,1.5055924997318917,0.9085408480703664,-0.582773097,0.4004392538574728,0.8880328867450824,0.155310561961905
179,2.8869530365136824,0.7646858588339377,0.2080092316149508,1.4921791939756446,-0.432635174,2.931939077207072,1.0715981866635074,-0.320575305,1.8912940039609336,0.6239356204712527,-0.849085782
181,2.544438674108892,0.2432308346865319,-0.07860563,1.6465407380233477,0.9403790194705596,2.6641238060605064,1.2757577989142646,-0.596032379,1.1133937481715128,1.0154603880931088,-0.117058479
182,2.849882766234696,0.7928792144232606,-0.278652622,2.508609909337848,0.1852257123291252,2.5421229665802296,1.472455249778234,-0.523256752,0.1858669641089678,0.8862013205896397,-0.452903469
183,1.2097935271208564,0.338458639860982,-0.132536478,2.101606661410996,-0.325108941,1.6159937954446004,0.7749911855225375,-0.304943451,1.4195603204417782,0.6786744635946713,0.909841937678114
184,2.923558856191625,0.5351841262380275,0.4784752996885394,2.1347994631921425,-0.041007084,2.002965479729742,1.159876307122903,-0.777000657,0.057360077,1.3299057664018,0.4760903771582412
186,0.7099460608399129,0.2835965960966554,-0.012551887,0.6199769647067478,0.8318549610140007,1.725479946100244,1.185355550969149,0.1178085526759202,1.024576269849945,0.5564886857428153,-1.412634572
187,0.8611566933936255,0.4831994209273021,0.2064320479296745,0.5272113231178526,0.4510206888566135,1.882472644091316,1.7547077906522042,0.2768149984729655,0.088837271,0.6993057498951769,-1.875365879
188,2.996016205366971,0.6545464862286348,0.3149066331267376,2.770724954463887,0.2377444909026218,2.470789689194069,1.6931938444270969,-0.452954723,1.9581600400949888,0.8406080680712082,0.2441063758596411
189,2.022643188479157,0.5790924116241083,-0.446139466,1.317863749294212,0.2625542164867673,1.5996814536556538,1.1439062557514577,0.7081176928061923,1.9388680443669133,1.4767825698019712,0.017834084
191,0.7688984385262008,0.5545432950945903,0.4182835579958254,2.173319426864942,0.3155683841049139,2.8358063935713718,1.0703715212442722,0.7885970169876186,1.4041204830394336,0.3978193358786248,0.831051042
192,2.7227959975377347,0.1478678698743157,-0.46110285,1.6093133354247915,0.3369177505477041,2.634643868,0.7465796621225824,0.3059719347714116,1.6934630339535806,0.9005518559455894,-1.817391076
193,2.102820113509593,0.1324506242424878,-0.1945276,0.6759375032840943,-0.987308685,2.9948312988862185,0.6974754969974504,0.3114093317999415,0.5520965572413257,1.1449915255759051,-1.255689985
194,1.2822810344218647,0.5539767069463708,0.4031915144836049,2.8269026589426525,0.3131444044900944,1.8950893308084575,1.8828395847564312,-0.250699386,0.5132021048345381,0.7189897227946631,-1.225420755
196,1.3022249496132037,0.3633343713937845,-0.21880827,2.9446850071976414,0.6235234371363025,1.6279058295361513,1.305893760515711,0.1316811975007492,0.4283999286164262,1.228429924059807,1.462819500788438
197,2.555665387740484,0.7662017869588894,-0.174754803,1.6843427009477578,-0.36724699,1.4353716142757718,0.6483250896960697,-0.301557928,1.1582725452225222,0.9407785010684244,-1.5345583
198,0.9965311153443788,0.4835935209219598,-0.139086191,2.3977250253846494,0.6982362800370405,2.153059581419914,1.180322810099645,0.3976656924727231,0.6386540768860693,0.9153683994620276,-1.559382562
199,2.0542592057655247,0.1167410999957719,-0.209486305,2.053283988281763,-0.953015006,1.7006760774249423,1.651150905254846,0.4910902363524831,0.0227637378033855,0.6341130802948921,-1.374552371
201,2.135982029084694,0.1719872668206352,-0.069219052,2.3846885244033453,0.2951828710363648,2.366135872099583,0.661064791,-0.177703397,1.8498256305977416,1.3399933501730132,0.658007781
202,2.798363350080232,0.6541053603887467,0.3977810971195762,1.1387481131784667,-0.351952765,1.6266034940746004,1.725213617049142,0.9913240199237392,0.172232033482913,0.5313323247049426,0.9680942827269288
203,1.3611685654478434,0.1874304252082421,-0.297266557,2.2705749307063505,0.9372360996476958,1.0197263936788823,1.9629314792159072,-0.870005519,0.7550745479194239,0.755008379,-0.9511733
204,1.1602638138312111,0.3083220451943035,0.3108259927855434,1.4883139842875752,-0.151740772,1.4365946073470968,1.7742871312438706,-0.060449117,1.824570750317608,1.1917824683707268,-1.407173201
206,2.099274360296404,0.2042684173532982,-0.186702558,1.4938422591395488,-0.740252596,1.3902409214095903,1.0737202382336402,0.3262054846746947,0.8555662721091433,0.7883901715888382,-1.564278981
207,1.2972281241170798,0.4542410137966957,-0.260670109,2.991536376,-0.040026865,1.964664995970914,1.2857906509106538,0.3633916705070865,1.8951989647372955,0.33331581,-1.038893589
208,1.1272944250633854,0.1349470627130806,0.058068426,2.9914310310569485,-0.57936082,2.502753406719269,1.8715631750902837,0.4221886536627002,1.2904912266548805,0.9758202483449184,-0.554605487
209,2.255355885125325,0.7472945192618801,0.3868585389466367,0.9609581492684198,-0.329987707,1.5021537856159026,0.7280274525138977,-0.856219054,1.4646326653447974,0.6192758660526341,0.026291002084485
211,2.0645037221735025,0.7553183612927085,-0.057508553,1.2671074713558077,0.1851391266856699,1.0459808947191291,1.8319175404884116,-0.314522317,1.9067636298248525,1.427205282551925,-1.794048737
212,2.188258390032985,0.6877445114123373,0.3465963356112684,1.4778456577179426,-0.398511829,1.4910209553176483,0.6782012911101808,-0.670754246,1.4970205284876594,0.6397471347107537,-0.220928768
213,0.5505350471744281,0.1784545652500381,-0.401401724,1.260135771464178,0.6595530873662014,2.3189855800676886,1.6184849296224972,-0.99329372,1.5373575667085917,1.2789817236385392,-1.115885625
214,1.6212538821023486,0.3576337670459582,-0.069123219,1.0676808875751005,0.9960788989886962,2.30175333384232,0.5561235245904077,-0.328097991,0.6794757063877228,0.656000005,0.2270214471371678
216,1.3364451103054198,0.2242403608346527,-0.095115991,0.9972757685663696,-0.947583659,1.9735528789106955,1.3309244036934844,-0.266901238,0.359047325,0.5645341421722607,0.1720149429415283
217,1.5202506093605388,0.3082429571553681,-0.438861466,0.9956320937320592,0.2256735563783258,1.1935229156427418,0.8559582997544706,-0.750672067,1.2824924906814437,1.2570288037806825,-0.460187443
218,1.388216197836127,0.1459904335193619,0.189174690314827,0.9372603917678614,0.6351491895936192,1.6462859682120927,1.5246956978906945,0.960902518,0.9010200053327512,1.2256559691542772,1.167942492023318
219,1.0929667930107194,0.2816502856321491,0.3844502933998518,1.848138823582886,0.1389957622208586,1.9348954464821555,1.4468535528878912,0.1680156878790577,1.892737631946699,1.4143850775965952,-1.361710925
221,1.2497266737105108,0.4235468176712241,-0.275976274,2.5691606294510376,-0.658921892,2.0520190600541337,1.0804227102046406,-0.161766792,1.5303260024611374,1.1204811243802828,-0.847106491
222,1.749778556977542,0.7499670970490439,-0.254149092,2.329716805817758,0.7943171042400998,2.8581384663482687,0.9963249160679546,-0.362929937,0.2453978900080895,1.2517718614002604,1.0445045596804312
223,2.901430503279211,0.6191661458726114,0.3420111537412557,2.076478909,-0.901181475,1.919043335304324,1.9481525457140156,0.06940001,0.016009052541823,0.4417700547730872,1.7982384337826525
224,0.735152956,0.324816793,-0.414537553,2.979132008146528,0.5412000816274094,2.0657634355149392,1.5193776926503633,-0.60874526,1.786943582159625,0.4148873902059227,1.6663397793213193
226,2.158030664634275,0.6362981783442224,-0.133012767,2.8457322945949506,0.9388338757217868,2.490692356,1.3871543930404668,-0.857744895,0.2438993098239481,0.4967742313184962,1.950903977326217
227,0.7795628961989644,0.6136617894735134,-0.451268475,0.9305484074090882,-0.249941764,1.1114968722395706,0.7017701675444461,0.5606735071872548,0.6238771187054175,0.7006450408925926,1.6423202382069326
228,1.768424974031475,0.3715546264612293,0.4912356055120278,2.133936071555767,-0.150961082,2.4645144486363395,0.8532218580970411,-0.946516091,1.4914926654718887,1.2576177759226634,-0.956666751
229,1.587096770751081,0.4290094938246258,0.4475368138899968,0.9598268639271402,0.8717497143319533,2.194576781400296,1.9633062707738267,-0.57924025,1.0106797602761766,1.1624401414670815,0.2588609384857583
231,2.32103619065956,0.4371721073155319,0.4399213998379343,1.308103372601324,0.6141276029418712,1.4985755071115172,1.006390161056866,-0.431153632,1.7111825825303233,1.2691318072426458,-0.456903349
232,0.7822536075059212,0.5484296284196661,-0.149849667,0.6796489138665219,0.8262235034598524,1.3073810260228824,0.887331369,-0.757284942,0.7406178607847682,1.3085009193501749,-0.200831584
233,2.223074088344466,0.1904350516562827,0.372538466892889,1.5385157275952657,-0.913166766,2.6898944906831748,1.5511074411770638,0.5781956631427414,0.9437612629419572,1.282383904394634,-1.845108678
234,2.2741440253286376,0.6082879866188586,-0.295864634,1.817635617655272,0.1961455556705182,1.3463219923478569,0.92650883,-0.687718861,0.3279656204079115,0.4955757742938161,0.03608695
236,1.932262896295872,0.5848101253868984,0.4516492375357642,2.1587357978394675,0.1409275925804356,1.2848238728360672,1.7841977275459506,0.5969621797254934,0.1278703053953296,1.0677357859130725,-1.408482635
237,1.8710888227030336,0.4553574842772436,0.3083197713469121,0.7103979856929955,-0.186644491,1.7041530355107233,1.120736962360849,-0.955633111,1.018905115953081,1.1820232058753004,1.5799818141751536
238,1.3091675891489725,0.6390763021303156,0.1767726907645551,0.623369551,0.055806752,2.3605063394097305,0.7483017886762071,0.1585445290887837,0.1098193327867755,0.7057403803148246,-1.998443374
239,2.4209674490468736,0.6135439400917384,0.293304188254428,1.3863738161022938,0.4653111938630832,1.9703431791319188,1.1422874866192068,-0.151982426,0.5794761829715029,0.557310152,-1.567893033
241,2.2977607434561564,0.5103300697970158,-0.305368029,2.227153969978584,-0.850494393,2.674444946396489,0.5782027438312273,0.5975951229836323,1.13984527407327,1.408252707335464,1.7370065022448125
242,2.2704676549316263,0.108340293617279,-0.284439345,1.5766744040435787,-0.15389477,2.5170997161916064,0.5511418598448619,-0.747283024,0.4026135460027054,0.7919703297854992,0.4997422218391021
243,1.4659226325019103,0.6733162694453886,-0.446564012,2.5825969723257978,-0.550823728,2.5536537434993853,1.1291062045925513,0.6131628255600798,0.1604097748110826,0.6759621751530902,-0.012330133
244,1.9928876073936648,0.4335623055367453,0.3514416913734713,1.9192638170817908,0.3027029561520673,2.257986624053553,1.5900041292756977,0.677991111,1.0133979092903411,0.3562976665340894,-1.590354087
246,2.3422750304858195,0.1732212501481098,-0.128392512,1.4374599309140867,-0.898930177,2.8835195476835223,0.9804773626892233,0.4815346766635562,0.3508658537058262,1.2614555271560444,-0.823156361
247,2.160897187092228,0.6331033847880182,0.3971257726477177,1.265017982870149,-0.042964093,2.040591951658377,1.6021425289087827,-0.154178139,0.8001704945920443,0.3440014604734046,-1.412819006
248,1.8316709357166947,0.5749332386899183,-0.053084466,0.9366815837388248,0.4064854671679585,1.0276021551784338,0.7148604757638186,0.5294579778926807,0.4997630499610228,1.3527664019900625,1.767747683416509
249,1.547283583565637,0.2483051119526242,-0.413715021,0.99032622732508,0.4538204633313627,1.4433904797683172,1.682887912206843,-0.845468081,0.6812845707861863,0.446151528,-1.801599185
251,1.857242698703859,0.522717078,-0.070370986,1.213213236,0.7629399903447338,1.9456489529999053,1.2992847473186118,-0.457733154,0.1796960244118308,1.48561027765321,-1.976554076
252,2.663979784984482,0.2645840988680714,-0.46996534,1.4393343596979935,0.3289569014098272,2.0608946799397287,1.804036006864288,-0.574003845,0.318676869950635,1.1678602793733526,-0.732958183
253,2.810220974833702,0.4845458233001248,-0.420620981,1.6238079430903534,-0.066008731,2.345577689,1.7910330789327196,0.638811046,0.3283009236197705,0.415155678989596,1.5235820319495952
254,0.6212953288644497,0.1830599685489072,0.2149198222476659,2.919098133857124,-0.010665555,1.3448275509135397,1.9001146997437288,-0.966585034,1.2299192995738544,1.106915589847534,1.6613725045843497
256,2.652539391875666,0.1006396200483988,-0.4350875,0.7026616633807055,-0.11796684,2.8270750918190712,0.7165937844105632,-0.794519917,0.4263508423370037,0.422934396,-1.079738254
257,0.9521997773873936,0.440437499363227,0.3177051754264814,2.053636166424168,-0.959670188,1.5735158497968953,1.4595866405612623,0.9275277118873272,1.6563302616765725,0.3585800344973169,0.4437775500420815
258,2.2308623942416075,0.5100208251115372,-0.054699826,2.384621568,-0.62962279,1.8250232684562373,1.8709272612300043,-0.706257138,1.936936191883483,0.6534876368153841,0.2596394769779189
259,2.6621320151233108,0.3236879879877729,0.1672580527482136,1.135112008231259,-0.460497227,1.014904877107833,1.061146618683809,-0.995467746,1.0568775295676551,0.5616153972731956,-0.65677557
261,1.5484537284291977,0.2445972278860193,0.1313206807138174,2.265078659492126,0.3190633594682848,1.4487138136046966,1.320681192,-0.580701882,0.2912906628152898,1.027090898162833,1.1281296158425365
262,0.8730026667347236,0.7976891255541805,0.025828447,1.1462488327673346,-0.037006142,1.8524221099954277,1.0387892880378475,-0.358331698,0.2000414753271349,0.6202060881801558,-1.76700466
263,1.7005971766848575,0.2659185167856905,0.4879033185041729,2.347477443021785,0.3350107395071688,1.6612082409495443,1.9042898191358888,0.7718415690708305,0.7451013334258942,0.3378258905742085,0.2969001979159285
264,2.2143161786155456,0.3905069688762219,-0.36026798,2.27416457927746,-0.751031865,1.5235102095286743,0.730253187,-0.119292251,1.534156718635869,0.7563855322790215,-0.741120628
266,1.111042705573765,0.2366416542719202,-0.051571551,1.176343458708816,-0.912619979,2.545442783600263,0.8527816542517428,0.9910822774718852,1.245867451,1.310111432987631,0.1079961131180335
267,2.042409864,0.1781959446871591,0.008473817,1.6607336080190764,-0.872046174,1.7774912599313155,1.0628929902064168,0.5297015024257472,1.1731570947638348,1.391230152949644,0.7807215876182219
268,1.3849213030238543,0.2907027716531619,-0.339480855,0.6811662038213069,0.7497833190827021,2.5895194532987205,1.1178271932649628,0.5758075070634958,0.7358311277500065,0.3438854530243254,-1.066443871
269,2.9143635046975005,0.4791348237354275,-0.195926482,2.9605758132241315,0.3113456090891864,2.293993669117217,1.312870586825863,0.2091528489902376,1.7131536316128948,1.471980933726039,-0.124137017
271,1.8320497245024268,0.1098674043288281,-0.259786685,0.6779279422545801,0.1810354388303712,1.983970878120166,0.8393203629720591,-0.393691719,0.5905222034298683,0.7088472686874325,1.9909642759871813
272,1.264769182172338,0.1061910505873053,0.1677815414221384,2.919423037664353,-0.191833546,2.1058206816856897,1.0421677056379406,0.255139898376149,0.9275041186930122,1.3142267655979116,1.8445371908921104
273,0.7128069146442663,0.2442260530169835,-0.268001097,1.9257034667469048,-0.905751776,1.7859650493176382,1.4351745859647025,-0.165902051,0.030905461,1.4477945914965409,0.4033586059201015
274,2.0397491366053275,0.2233598675649138,-0.392400373,0.9665849838565694,-0.098110573,1.09447436,1.263794425103635,0.8258835654200536,0.4817324930882594,1.0164141058301517,-1.778901524
276,1.1512779848614838,0.7667634115020723,0.1173952303374933,1.0429959018261643,0.5369675739064892,1.4137085306796249,1.5641523245271844,-0.0639934,1.269951775619538,0.544396109,-1.736482802
277,1.5240444609213284,0.2844266084719529,0.1634325412550614,2.3486294137947183,0.7729807287659358,2.3828376827649818,1.5485721260177476,-0.866715326,1.123742226369712,0.3573240503320133,-1.483070433
278,2.841458676205391,0.7334656024892214,-0.102788223,1.408307127122148,-0.409743873,2.059764113442651,0.8598077931785905,-0.342148283,0.0313940288793022,1.347897499045046,-0.439189222
279,2.340984632204529,0.4962907290608422,0.1808574775211295,0.8225924231817003,0.6673612709369285,1.820794462020468,1.9225220065080757,-0.709245794,0.9159085668778162,0.7211546975182074,-1.613399427
281,2.417664685897211,0.6605696703310922,-0.050058121,1.6533746235971152,0.3089465523784294,1.6329718125009278,1.838686988712501,-0.301967028,1.4231158427486443,1.0155208014466606,-0.85266285
282,2.628421678272481,0.7071335161405875,-0.389601358,2.42930467675716,-0.836742898,1.9836545655568216,1.8216648712129888,-0.545560476,0.1531995522245433,1.1711417255016368,0.4782446822709465
283,1.552273414241751,0.1778575430232511,0.4230243955635767,1.067802023909836,-0.849976558,2.1023615036316907,1.1302647391371283,-0.863310942,1.9972708093628928,1.354757706421622,-1.782974843
284,2.748743377891301,0.3377391378381967,0.4788079211321275,0.9804391783743506,-0.976326837,1.2348291971341172,1.799479799109066,-0.253490261,1.8286093642892125,0.9098885193069064,1.2236235423176662
286,1.866391998920804,0.6655280899124856,0.4480229144514353,2.264805082717242,0.5271631678731699,1.8872011855822748,1.5558531916382925,0.4333357251332954,1.3006913775418965,1.3299493105652995,-0.558995189
287,2.0906888041583143,0.391930419515029,-0.362518165,1.3362308977595465,0.2647545461268719,1.9654151684431425,1.8171816932943687,-0.910015512,0.7798646201519519,0.7242391946661293,-1.015263148
288,2.648175427,0.778713274,0.2682957361887688,1.388851531770016,-0.21915672,2.316158534137976,0.5616959002825046,-0.771630416,1.398869975900018,0.9471453009576476,-1.761411778
289,1.976969344157704,0.5494022542376207,-0.012339763,2.0917501677126085,-0.866372817,1.725394369216667,0.6950170729632981,0.5380393923458269,0.8853624265973066,1.1996220079506914,-0.544306061
291,2.7234480765607394,0.4374528914117553,-0.186857975,0.5611059131801142,-0.881677128,1.357432168824786,1.907051782888088,-0.399652291,0.3992815099782445,0.9241658614068522,-1.230753125
292,0.6339134344677478,0.2344539436284741,-0.117999432,2.462676511235298,0.2041998828830977,2.4505831675174026,1.0419280796224708,-0.006329906,0.1763734161313983,0.8534982748796232,1.9178918655757091
293,2.167678406480041,0.4540826028881639,0.1022432214895852,2.866178596987577,0.926394716,2.508555870838188,0.839440733,0.2707769243402369,0.7569570440142084,1.2800352690790755,1.1044239676970182
294,2.619461113,0.3600462642998677,-0.427735741,1.0702465609122906,0.9936100262803492,2.1330353484695044,0.7542028640977589,0.2635604877612236,1.5508176028960323,0.742647764,-1.437764996
296,0.7903054946890665,0.4045240295324681,-0.206877265,0.8562353251363461,0.5826885342594574,2.080211377422261,1.100514925348604,-0.369733013,0.2497919039534968,1.347768429572624,0.8314694112946466
297,2.340114301999118,0.3087958767329679,-0.377782062,2.1680868904399797,0.1841241782913665,2.686499125497455,1.5591942992905343,0.6954185011029437,0.3646680924513339,0.3945633972998172,-0.671109221
298,0.6796372337057234,0.1235276188101709,0.1148976954833147,0.9480223096294048,0.2692974863255113,1.8286464379294167,0.9625002342595804,-0.2993974,0.9256016425247632,0.4254978538758902,0.3161080581296791
299,1.174028143,0.717051441,-0.386993064,2.374067563460585,0.3658431060424258,2.1512690223674173,1.865204373938876,-0.480384766,0.3131662444120855,1.4210222336237914,1.976032730932144
301,1.6397325019453295,0.3032952576169843,-0.050822951,1.399456545761015,0.8473339341138413,2.502687920119048,0.7808995180901976,0.967316642218356,0.607534024,1.3720945348908906,1.8360028157274677
302,0.8694767458053622,0.7079280854228859,-0.267592197,0.7878279930022676,-0.155940136,2.946790787514106,0.8545850103906971,0.8640625517227236,1.7476205744448754,1.2449307546033468,1.6967083959406457
303,2.8634968289065266,0.7687689178574968,-0.319375737,0.9142647717012248,-0.43001341,2.8613121531097434,1.0943046517881752,-0.888078348,1.2379634584956678,0.3495402354610861,-0.417416566
304,0.9401804978605822,0.1889999281051611,-0.162880581,1.766945609449123,0.3544493151404413,2.2740660503028884,0.9302572798502368,-0.432179287,1.652227880157754,1.169167523357152,0.4877904577484462
306,0.9849234800042082,0.3534570261818133,0.008437363,1.0477554458033105,-0.935959914,1.2940241015045808,1.6086671119722045,-0.338383551,0.2417406105224171,1.134695427127799,1.5257994516502555
307,2.842533699298385,0.7046402899372501,-0.233966306,0.5173191417758378,-0.548228764,1.0930872820169275,0.7850107013981449,0.399930006,0.020409555,0.774966499,-0.377049782
308,0.615671477,0.5175317751296538,-0.45484627,2.003674671380872,-0.460322072,1.1323352547423304,0.5607266761996179,-0.373103995,1.5454128092819968,1.1789988182113411,-1.008439914
309,1.9141702605801048,0.472604882,0.4030724505247329,2.801951657985017,0.3817926967584526,1.2924937091937725,1.8639526713790464,0.9293485556191624,0.9591384577586282,0.7083383808281044,0.3560222271504654
311,1.0873541381248404,0.6488419954491186,0.000318906,1.152179931258574,-0.944975995,1.6662468672163089,1.6602433025395962,0.000442485,0.2337906903523294,0.9282741666054816,-1.371530281
312,1.784632402970336,0.7129726199344877,-0.146165309,0.6228282714942663,-0.049940761,2.1360732800712743,0.7144739170928704,0.2624044961342577,1.7261453395821582,0.515592495,-1.074549694
313,0.6737434679317587,0.5389154296928232,0.4608065170379378,1.5922267693659924,0.9079374604729952,1.3265162944709767,1.136851606875344,0.0300104659424678,1.3430500580496687,1.4613652310445977,-1.784071985
314,2.64122222,0.7664307,0.047875617,2.140085892778208,0.1506587305739553,1.98185052772416,0.9458805814815244,0.019418561,1.5285872023823337,0.3636930956754389,-1.703506668
316,2.236594736237514,0.5361485962759076,-0.276642437,2.4477181922687805,0.8052451914547196,1.379134501,1.3746240089388264,0.1828180881129659,0.3855487562089441,0.8789754487499639,1.071586048539717
317,2.0446285627287204,0.7845728963970245,-0.398628852,1.104652217013828,-0.454139297,1.5205158054508152,1.8146935092933576,-0.46660396,1.1353720507519365,0.9796616689044768,-1.665062989
318,1.2705636650821122,0.5622135072357501,-0.416397229,1.766017813144274,0.3756634831248147,2.168201939,0.5876989285470402,-0.703429635,1.7537825419571984,1.0262219417192378,-0.13247548
319,2.534320280498059,0.6208526423821739,0.4231257617511628,1.070735404814056,-0.937468291,1.9131514401660636,0.5600105412549072,0.827992801,1.1691200310367948,0.5264183687887087,-1.437558506
321,1.1930866225855987,0.5451335219741209,0.021866857,1.69295002,-0.137250126,2.839595378742616,1.2147608700680734,0.665476991,1.1089875696895286,0.3476429740569814,0.3044440381077176
322,2.121395543536141,0.3066092528904277,-0.323224443,0.6590539672758415,-0.829750298,2.219775548702124,1.2069388655918072,-0.06864795,1.2308966657298304,0.3152274791900991,0.8723078917027887
323,1.9263384286483285,0.1458023919795224,0.3719957326368298,0.8999541342996721,0.008481947,2.5774489174972635,0.8778847198934145,0.5980006981409567,1.5553964053586042,0.4316681421262794,-1.204982356
324,2.0330400428910265,0.6169576944379784,0.1557297934512451,1.949074009030454,-0.636123104,2.2908807543419893,0.9817439318422908,0.2738223651509095,0.4659231232766445,0.4192335724029711,1.8100192975859288
326,2.2456159161435405,0.1610357260838102,-0.263604957,2.71099604627766,-0.753806001,1.7305813258259048,1.4963076112486249,-0.211159283,0.2407724337863528,0.3138356541828033,0.3516610051812856
327,2.2205498252261107,0.6814910859435926,0.1747911439526289,2.181415245584325,0.5991351826492097,2.949503371939025,1.0679718621332674,-0.088470983,0.972123134,0.5054122559449543,0.924909316
328,1.114136784427335,0.2811806094457413,0.4529487894171092,2.5097753563957745,-0.422803524,1.1578058658182175,1.445474875140223,-0.277110828,0.5659573755871918,1.2959267253656377,-0.063945139
329,0.6303174335958857,0.7169686530182066,-0.163853395,2.019036811470603,0.8235882613973335,1.8042066145305355,1.5221558925293337,0.9881997929785724,0.6047148121059143,0.8082420300671869,-1.908458228
331,0.5763842246202379,0.3340181303599888,-0.35233224,1.939235423541676,-0.677671186,1.5597169778996045,0.5930129485327718,0.1892141737785047,1.7489582528851253,0.9094003750053165,0.9750902544744462
332,1.96313359017704,0.4335922203678659,-0.278279354,0.564791927,0.7819854875676548,2.4492004214429777,0.8312167674742876,-0.843853883,0.9132549258508263,0.8431085504278417,-0.226905293
333,1.4513824073949428,0.5351042264001472,-0.180585177,1.8720129132613068,-0.619986316,1.0471939755641189,1.395314355562383,-0.799094801,1.048007421393902,0.877472938,-1.63891362
334,0.7630152087436066,0.4609559641620672,-0.263366678,0.9381306496246732,-0.987511346,2.863679741499811,0.845267499,-0.458783295,0.8613673616133137,0.49932749568911,1.9045411665007097
336,1.296524644298216,0.664557342,-0.206230117,2.4454740637571035,-0.712068916,2.599123016,0.8972693369904237,-0.784168858,1.0862235928234234,0.3715284517779771,-0.42214933
337,2.027321150861442,0.7086101778336306,-0.131184179,1.517932395840345,-0.064871389,2.3353385300899365,0.8558128018165714,-0.235694041,1.0515815199819984,0.820524088,1.545865404950046
338,1.5419622128593953,0.4022695317879705,0.1940334080649515,0.6478449331350584,-0.352265602,2.527728157445054,1.3688729208900845,-0.295016033,1.4858660693857142,0.9757649363870188,0.8564656752608371
339,2.477646887639551,0.7048335491644041,-0.353563163,1.8870631403994285,-0.947446139,1.0475556633843224,1.115015860744749,-0.419781946,1.9357855581425176,0.6751518694240233,1.4975854076833528
341,0.6141850118059464,0.7989205436816808,0.135007949434709,2.7128997551084018,-0.261742241,2.6070028509591623,0.5506308715241184,0.6412893390233765,1.353682235522704,1.1996392314293292,-0.979985351
342,2.4753809120211114,0.4080208127945353,-0.250829176,2.3893061682573453,0.5281092547870345,1.1160868279530842,1.9445139027716367,-0.075489715,0.4133046553442614,0.821544956,1.8250608244497049
343,2.655665145478862,0.6013796790473263,-0.229342441,1.194740189663141,-0.423026596,1.763120129326916,0.614811741,0.2123625113111265,0.1234325935195239,1.025557272437526,-0.964882916
344,1.9916140214544944,0.158659651975601,-0.377859527,2.2838467641243305,-0.264871315,2.2628854346310945,1.5238120219285007,0.8568289949220469,1.1039598203215228,1.4209227406239102,1.564787665081818
346,1.230853018139701,0.5013816443299887,-0.056729088,2.818965406962808,-0.308507549,1.7495082753716815,1.6760087212804344,0.6838381595344103,1.7265845791172605,1.3427980253692886,0.185992977
347,2.035618571995435,0.3611753513907219,0.2139897884284574,2.389945777945349,-0.751752965,2.1352596456885005,1.360709828407571,-0.440855527,0.4572966409157872,1.247718285591759,0.7857723850493281
348,2.876361599589805,0.6489342830776487,-0.029828844,2.587935939490462,-0.156689467,1.071986051819721,0.7535717302933341,-0.26641234,1.3441310872940344,0.7734016401943009,1.5017658357035732
349,1.7516254576572874,0.366335765,0.2929721686001991,1.7047292227709137,0.8619946397214191,2.8877692805219057,1.788934920185037,0.4161701758435547,0.4456734588374489,0.6472976688468206,0.6068016499896829
351,2.689214453507798,0.4728183212099786,-0.43079158,1.5992389903365485,0.8756866958189067,1.2402911717640364,1.981772246391744,0.92840734950298,1.0838378082975233,0.8085624912378411,1.7482665544980436
352,2.5240243233761515,0.7942470801523809,0.053664401,2.499736940350981,-0.945281601,1.6153452619825974,1.7979776083085477,-0.89871475,0.9773551186870936,0.8817049566168942,0.1834885801679364
353,2.674406866544212,0.3183806550544872,-0.317804373,2.175048474926085,0.7533014856294671,1.6622529630270342,1.4376529411272625,-0.778895384,1.5834677140396034,1.2054438310766822,-0.497319115
354,1.2191747312777028,0.2066569124065943,-0.328314968,2.723192206090053,-0.535241814,1.247575624,1.093180534013286,0.5416287419085999,0.8208244093953816,0.944606681,-0.145171605
356,1.0904823267873318,0.7901272743520705,-0.494736599,2.333899629069678,0.164565436515879,1.7849138949287435,0.9737386464985224,-0.744205516,0.878461199,1.1482373440532492,-1.085577858
357,0.870669321,0.2923037423706633,0.2618379950057775,1.9203998223522216,-0.495899861,2.0416293589149843,1.4694497210339548,0.9308718230139644,0.8024399258459427,0.4634951701993685,1.976704643653853
358,1.716807256576213,0.3878763079891827,0.0108577578074807,1.0322052811791933,0.8033609750771487,2.334588353520237,1.392490127403648,0.7581759921219473,0.3150211163202652,0.5961771420879676,1.2384121561855967
359,0.6637077971453602,0.782194985,-0.398095109,1.4801708394931183,-0.869281127,2.8679554468565405,0.8802827640087454,0.9521081934640854,1.8595730798730463,0.9332426252139904,1.8497763031963916
361,0.5057972024517888,0.2457666210498495,0.2069308588796926,1.077534942,-0.308170005,2.4753517392842754,0.5308909812379752,-0.935211441,1.5050534362665993,1.106563088472987,1.680298916050496
362,2.8238422001528365,0.6107343439932671,0.0232113935780826,0.5661564539685935,0.1525029493472638,1.07219187876736,1.3434079868695308,0.8034616348118497,0.1629092804056042,0.4837012579750656,-0.65601756
363,2.270674590344812,0.2495173373226193,-0.014827179,2.3325519826029746,0.6526173688360237,2.765956384096761,1.6366830054030364,0.6958776057339697,1.4809514906080394,0.6073254330029472,-1.305644076
364,1.2451592392510322,0.1921001246739733,0.4955778908502757,2.132494178430208,0.3029511840084236,2.943386475682946,1.8140137666479936,0.8319879982468694,0.8755039331962085,0.3517258539204129,-0.148868589
366,2.387571325,0.4006392897449021,0.3345887309219838,1.7742726418505508,0.462618855,2.393970381869416,1.3216914011539431,0.959623055961584,0.1592276342745384,1.3193640993301403,1.961571288940827
367,2.2379606044545546,0.3311208414424307,-0.304480123,1.2124790821932003,0.7186015449170733,1.279065516408758,0.9442598581863716,-0.185760824,0.7679253858129231,0.62860901,1.900539140285796
368,1.547127081297634,0.239037149,-0.253131365,1.8638867034055675,0.2663744551953182,1.165243316167869,0.8764584800945465,-0.653336005,1.6606900137633391,0.8581466356874838,-1.46676616
369,2.8730285991325197,0.4409023353580727,0.1331060674279288,1.3002088453625924,0.341146784276471,1.8366627354495992,1.5569415155467683,-0.307336673,0.8012903001997473,0.6887071978673214,1.6735967201001802
371,1.5285307644322592,0.7796843275287296,-0.366604367,1.6695645181489656,-0.042359697,1.8789011319883175,0.5295246248319114,0.8835489740601747,1.0211345255381232,0.9268541516233316,-1.538343397
372,0.982151215862998,0.2275732016918615,0.1487085509316837,1.4759674887308731,-0.772535519,2.2146855807660333,1.309911700017414,0.5747798642202797,1.5999460612200536,1.1014821811578406,0.8701137169128956
373,0.976626274,0.1056822701025836,-0.323650843,1.4889157353652864,-0.395328233,2.0269741039999847,0.94224475,0.5984050847352937,1.9234756394349868,0.613876429,-0.233483305
374,0.9397324306482476,0.4655450927877046,0.3372862312615492,2.169238105794305,0.97228891,2.752111189294383,1.0099481970277338,-0.49310768,1.1635007731836022,1.3883784234847865,0.5353242166201895
376,0.6202793514354145,0.195328705889577,0.0116661851335146,0.7492496600518512,-0.435619639,2.3600847484493297,0.5427724863058313,0.667321982,1.3118252058709878,1.4590038136462593,0.032753939
377,2.632835962839992,0.4470618974402534,-0.276294175,1.3892635372701636,0.9619858512572904,2.185631233313785,0.6245240951058602,-0.529734036,1.2573298080939168,0.8387683191413504,1.566168238447379
378,0.6651662396567072,0.203527908648591,0.1877370924123208,1.788955623428134,0.7646973255984533,1.3482839871291672,1.4930050803169406,-0.944560422,0.9373479596967568,0.6520097742921991,-0.302209606
379,1.916485099875153,0.6267401731804452,-0.261342714,1.543876647465329,0.2779129393419197,1.1025480449414229,1.7626793456440653,0.4653031778195295,1.1199032324593003,0.6489017752874002,1.348307764448558
381,0.7704721560059503,0.526133906,0.1562609646070558,1.6767077903405117,0.277273024,2.548417763308533,0.8263325507784958,-0.599743611,0.8814595383051198,0.9374454291238136,-1.672991764
382,1.1120204662215842,0.1192165447456257,0.3214764589281506,2.8155134304766496,-0.172499725,1.6606899394898784,0.8007360413214464,0.7329099234489425,1.8410096373381597,0.6773434921447717,-0.665439687
383,2.1152417696110266,0.4880570545992863,0.1963846584398211,2.275082952239924,0.456604392,2.92850377571072,1.7047383342299378,-0.811319296,1.0839959970963449,1.1306118703422072,0.3348905603289287
384,2.1886642616106,0.38564230865709,0.298928263,1.080780983657006,0.5579130614723944,1.5415828200812682,0.9460463867443458,0.6164979364932723,0.1291169078503464,0.3856468855435898,0.2976594032751292
386,2.8175770587865787,0.5458019253110417,0.4100637542506536,1.4734025126713313,0.8828085165153567,1.515689001588213,1.5020976650960287,0.3138574995305638,0.099226912,0.8664955982783986,-1.664511603
387,2.091288823031282,0.7703544228939441,0.2870988292303074,1.5927682624857469,-0.868634469,2.0004296898319502,0.8085894294369194,0.5987687440622385,1.0565458214054384,0.729514085,-0.586919627
388,1.781466801569192,0.3255717283755494,-0.154420183,2.8828734633763866,-0.038881233,2.948627396309376,1.6057310525862127,-0.041429571,0.1395874593363197,0.8933201111314291,-0.288423927
389,2.1771425267044187,0.751918963,-0.414951534,0.6191261995111195,-0.494501505,1.182047075342436,0.8690493283562586,0.6375599376380185,1.5616440834334395,1.1241451492312715,0.6827692674609787
391,2.475964421,0.5139168253873081,0.2581344868293226,1.2004384273833475,0.9395289490994704,2.5052532588575174,0.9094347088532866,-0.533269842,1.411102807541467,0.910752321,-0.457427984
392,1.3622574733117443,0.5379507246480177,-0.030060657,1.6264219558381396,-0.662036307,2.660864187769092,1.4589421145061578,-0.084612298,1.7766398749698258,0.5818869068385659,-1.002672113
393,2.1955800258322973,0.1888402012219162,0.027457126,2.0907345437359863,-0.350428472,1.5203337631168543,0.6280544977903761,0.6110996216160614,0.8323743840103455,0.5828980478099051,-1.002604993
394,2.8836635479337653,0.4334497788960092,-0.323634491,2.1138157159277347,0.578641887,2.398393360949325,1.423278527995556,-0.159950293,1.646830309276111,1.280455587536801,0.3112908692875278
396,2.555097112682639,0.6379249552675297,0.4640092242149197,1.859806286529078,-0.323941628,2.6244247093768207,1.2153928797349725,-0.01126853,0.7759265833147493,1.1753169597048312,-0.692390361
397,2.4064701294779063,0.5291034890528201,0.084277924,0.8178840184915316,-0.488913864,2.323029219,0.7676256870604399,-0.902233337,0.2990986531147741,1.1499202527266057,0.5418688338837212
398,1.4936037682341223,0.1940510571631995,-0.364256036,2.8238519497045056,0.6629834143527666,1.8100741439661665,1.3447265090775096,-0.456207126,0.1746738168539008,1.0538766734728189,1.0710603419350218
399,1.3617087432457684,0.5497629534983024,-0.383678654,0.7335667287123144,-0.088193178,2.242889953,0.9737610724991174,0.041315964,0.5369513201503682,1.0725730807857452,-0.785192538
